<?xml version="1.0"?>
<data grt_format="2.0">
  <value _ptr_="0x55ed0b8f5c70" type="list" content-type="object" content-struct-name="db.mgmt.Connection">
    <value type="object" struct-name="db.mgmt.Connection" id="c332b5a6-62ae-11ec-8931-23586393a35a" struct-checksum="0x96ba47d8">
      <link type="object" struct-name="db.mgmt.Driver" key="driver">com.mysql.rdbms.mysql.driver.native</link>
      <value type="string" key="hostIdentifier">Mysql@localhost:3306</value>
      <value type="int" key="isDefault">0</value>
      <value _ptr_="0x55ed0bcbfdd0" type="dict" key="modules"/>
      <value _ptr_="0x55ed0bcbfe50" type="dict" key="parameterValues">
        <value type="string" key="DbSqlEditor:LastDefaultSchema">elevage</value>
        <value type="string" key="SQL_MODE"></value>
        <value type="string" key="hostName">localhost</value>
        <value type="int" key="lastConnected">1653503893</value>
        <value type="string" key="password"></value>
        <value type="int" key="port">3306</value>
        <value type="string" key="schema"></value>
        <value type="string" key="serverVersion">8.0.28-0ubuntu0.20.04.3</value>
        <value type="string" key="sslCA"></value>
        <value type="string" key="sslCert"></value>
        <value type="string" key="sslCipher"></value>
        <value type="string" key="sslKey"></value>
        <value type="int" key="useSSL">1</value>
        <value type="string" key="userName">root</value>
      </value>
      <value type="string" key="name">Local instance 3306</value>
      <link type="object" struct-name="GrtObject" key="owner">d0be27b8-dc59-11ec-ae6c-330e1573adc3</link>
    </value>
    <value type="object" struct-name="db.mgmt.Connection" id="d410a775-62ae-11ec-8931-23586393a35a" struct-checksum="0x96ba47d8">
      <link type="object" struct-name="db.mgmt.Driver" key="driver">com.mysql.rdbms.mysql.driver.native</link>
      <value type="string" key="hostIdentifier">Mysql@127.0.0.1:3306</value>
      <value type="int" key="isDefault">0</value>
      <value _ptr_="0x55ed0bdbca10" type="dict" key="modules"/>
      <value _ptr_="0x55ed0bdbca90" type="dict" key="parameterValues">
        <value type="string" key="DbSqlEditor:LastDefaultSchema">elevage</value>
        <value type="string" key="SQL_MODE"></value>
        <value type="string" key="hostName">127.0.0.1</value>
        <value type="int" key="lastConnected">1653218335</value>
        <value type="string" key="password"></value>
        <value type="int" key="port">3306</value>
        <value type="string" key="schema"></value>
        <value type="string" key="serverVersion">8.0.28-0ubuntu0.20.04.3</value>
        <value type="string" key="sslCA"></value>
        <value type="string" key="sslCert"></value>
        <value type="string" key="sslCipher"></value>
        <value type="string" key="sslKey"></value>
        <value type="int" key="useSSL">1</value>
        <value type="string" key="userName">root</value>
      </value>
      <value type="string" key="name">root</value>
      <link type="object" struct-name="GrtObject" key="owner">d0be27b8-dc59-11ec-ae6c-330e1573adc3</link>
    </value>
    <value type="object" struct-name="db.mgmt.Connection" id="4d24874d-6675-11ec-8596-19cdbea686d0" struct-checksum="0x96ba47d8">
      <link type="object" struct-name="db.mgmt.Driver" key="driver">com.mysql.rdbms.mysql.driver.native</link>
      <value type="string" key="hostIdentifier">Mysql@127.0.0.1:3306</value>
      <value type="int" key="isDefault">1</value>
      <value _ptr_="0x55ed0bdbd0e0" type="dict" key="modules"/>
      <value _ptr_="0x55ed0bdbd160" type="dict" key="parameterValues">
        <value type="string" key="DbSqlEditor:LastDefaultSchema">elevage</value>
        <value type="string" key="SQL_MODE"></value>
        <value type="string" key="hostName">127.0.0.1</value>
        <value type="int" key="lastConnected">1640872515</value>
        <value type="string" key="password"></value>
        <value type="int" key="port">3306</value>
        <value type="string" key="schema"></value>
        <value type="string" key="serverVersion">8.0.27-0ubuntu0.20.04.1</value>
        <value type="string" key="sslCA"></value>
        <value type="string" key="sslCert"></value>
        <value type="string" key="sslCipher"></value>
        <value type="string" key="sslKey"></value>
        <value type="int" key="useSSL">1</value>
        <value type="string" key="userName">elhadjium</value>
      </value>
      <value type="string" key="name">elhadjium</value>
      <link type="object" struct-name="GrtObject" key="owner">d0be27b8-dc59-11ec-ae6c-330e1573adc3</link>
    </value>
  </value>
</data>
