<?xml version="1.0"?>
<data grt_format="2.0">
  <value _ptr_="0x55ed0b962690" type="list" content-type="object" content-struct-name="db.mgmt.ServerInstance">
    <value type="object" struct-name="db.mgmt.ServerInstance" id="c332b5a5-62ae-11ec-8931-23586393a35a" struct-checksum="0x367436e2">
      <link type="object" struct-name="db.mgmt.Connection" key="connection">c332b5a6-62ae-11ec-8931-23586393a35a</link>
      <value _ptr_="0x55ed0bcc09b0" type="dict" key="loginInfo"/>
      <value _ptr_="0x55ed0bcc0a30" type="dict" key="serverInfo">
        <value type="int" key="setupPending">0</value>
        <value type="string" key="sys.config.path"></value>
        <value type="string" key="sys.config.section">mysqld</value>
        <value type="string" key="sys.preset">Custom</value>
        <value type="string" key="sys.sudo"></value>
        <value type="string" key="sys.system">Linux</value>
      </value>
      <value type="string" key="name">Local 3306</value>
    </value>
    <value type="object" struct-name="db.mgmt.ServerInstance" id="df4f0d74-62ae-11ec-8931-23586393a35a" struct-checksum="0x367436e2">
      <link type="object" struct-name="db.mgmt.Connection" key="connection">d410a775-62ae-11ec-8931-23586393a35a</link>
      <value _ptr_="0x55ed0be9b480" type="dict" key="loginInfo">
        <value type="string" key="ssh.hostName"></value>
        <value type="string" key="ssh.key">~/.ssh/ssh_private_key</value>
        <value type="string" key="ssh.localPort">3306</value>
        <value type="int" key="ssh.useKey">0</value>
        <value type="string" key="ssh.userName">mysql</value>
      </value>
      <value _ptr_="0x55ed0be9b500" type="dict" key="serverInfo">
        <value type="int" key="setupPending">0</value>
        <value type="string" key="sys.sudo"></value>
      </value>
      <value type="string" key="name">root</value>
    </value>
    <value type="object" struct-name="db.mgmt.ServerInstance" id="89b803d2-6675-11ec-8596-19cdbea686d0" struct-checksum="0x367436e2">
      <link type="object" struct-name="db.mgmt.Connection" key="connection">4d24874d-6675-11ec-8596-19cdbea686d0</link>
      <value _ptr_="0x55ed0bea1660" type="dict" key="loginInfo">
        <value type="string" key="ssh.hostName"></value>
        <value type="string" key="ssh.key">~/.ssh/ssh_private_key</value>
        <value type="string" key="ssh.localPort">3306</value>
        <value type="int" key="ssh.useKey">0</value>
        <value type="string" key="ssh.userName">mysql</value>
      </value>
      <value _ptr_="0x55ed0bea16e0" type="dict" key="serverInfo">
        <value type="int" key="setupPending">0</value>
        <value type="string" key="sys.sudo"></value>
      </value>
      <value type="string" key="name">elhadjium</value>
    </value>
  </value>
</data>
